{"train/loss": 4.5172, "train/learning_rate": 7.600000000000001e-06, "train/epoch": 1.1, "train/global_step": 19, "_timestamp": 1688370355.2439675, "_runtime": 260.1998724937439, "_step": 36, "eval/loss": 4.52882719039917, "eval/runtime": 6.9659, "eval/samples_per_second": 7.034, "eval/steps_per_second": 1.005, "_wandb": {"runtime": 263}}