{"eval/loss": 2.880484104156494, "eval/runtime": 7.0002, "eval/samples_per_second": 7.0, "eval/steps_per_second": 1.0, "_timestamp": 1688376023.2294455, "_runtime": 5400.301668405533, "_step": 755}