{"train/loss": 4.5687, "train/learning_rate": 4.0000000000000003e-07, "train/epoch": 0.0, "train/global_step": 1, "_timestamp": 1687844352.1841416, "_runtime": 11.87864375114441, "_step": 0, "_wandb": {"runtime": 588}}